p	CCCTAA	blue	C	canonical
p	CCTA	darkblue	N	denoise
p	CCTAA	darkblue	N	denoise
p	CCCTA	darkblue	N	denoise
p	CCCCTA	darkblue	N	denoise
#
p	CCCCCA	lightgreen	L	denoise
p	CCCAA	darkgreen	P	denoise
p	CCCA	darkgreen	P	denoise
p	CCAA	darkgreen	P	denoise
p	CCCCAA	green	F	denoise,tvr
#
p	CCCTTA	cyan	K	tvr
p	CCCTTAA	darkcyan	S	tvr
#
p	CCCTAG	orange	G	tvr
p	CCTAG	darkorange	Q	tvr
#
p	CCCTCA	yellow	E	tvr
#
p	CCCTCG	tan	I	tvr
#
p	CCCTGA	red	D	tvr
#
p	CCCGAA	violet	H	tvr
p	CCCGA	darkviolet	R	tvr
#
p	CCCTCTAA	gold	M	tvr
#
p	CCCCCC	gray	T	denoise
